entrant,policy,run_id,n,quality_mean,cost_mean,saving_vs_base,retention_vs_base,weak_recall,weak_precision,weak_blocking_rate
R4_weak_opportunity,P0_current,58,3136,0.5816,0.000848,0.0947,0.9967,0.0,,0.876
R4_weak_opportunity,P1_band_only,60,3136,0.5816,0.000848,0.0947,0.9967,0.0,,0.876
R4_weak_opportunity,P2_softgate0,62,3136,0.5802,0.000849,0.0935,0.9943,0.0826,0.7467,0.8036
R4_weak_opportunity,BASE,61,3136,0.5835,0.000937,,,0.0,,0.876
R5_cost_leverage,P0_current,63,807,0.7478,0.067251,0.069,0.943,0.0,,0.5886
R5_cost_leverage,P1_band_only,64,807,0.7478,0.067251,0.069,0.943,0.0,,0.5886
R5_cost_leverage,P2_softgate0,66,807,0.7057,0.066226,0.0832,0.8898,0.0611,0.2358,0.5527
R5_cost_leverage,BASE,65,807,0.7931,0.072234,,,0.0,,0.5886
R6_diversity,P0_current,67,1414,0.5389,0.00924,0.0,1.0,0.0,,0.8925
R6_diversity,P1_band_only,68,1414,0.5389,0.00924,0.0,1.0,0.0,,0.8925
R6_diversity,P2_softgate0,70,1414,0.5389,0.00924,0.0,1.0,0.0,,0.8925
R6_diversity,BASE,69,1414,0.5389,0.00924,,,0.0,,0.8925
R7_stability,P0_current,71,3136,0.5816,0.000848,0.0947,0.9967,0.0,,0.6795
R7_stability,P1_band_only,72,3136,0.5816,0.000848,0.0947,0.9967,0.0,,0.6795
R7_stability,P2_softgate0,74,3136,0.5859,0.000819,0.1261,1.0041,0.1154,0.8092,0.6011
R7_stability,BASE,73,3136,0.5835,0.000937,,,0.0,,0.6795
REF_global_top,P0_current,75,3136,0.6637,0.000409,0.1024,0.9928,0.0,,0.6936
REF_global_top,P1_band_only,76,3136,0.6637,0.000409,0.1024,0.9928,0.0,,0.6936
REF_global_top,P2_softgate0,78,3136,0.6637,0.000409,0.1024,0.9928,0.0,,0.618
REF_global_top,BASE,77,3136,0.6685,0.000456,,,0.0,,0.6936
