dataset,n,covered,coverage,weak,mid_mean,strong_mean,best_single,model_gap,oracle,oracle_gain,upgrade_opportunity,cheap_safe,disagreement,disagreement_mode,winner_entropy,winner_shares,cost_ratio,screening_score
llmrb_tau2_test_v1,39,39,1.0,0.4615,0.5385,0.4615,0.5385,0.0769,0.7436,0.2051,0.1538,0.8462,0.9231,binary,1.0907,"{'qwen3_235b_a22b_2507': 0.2957, 'deepseek_v3_1_terminus': 0.3925, 'claude_sonnet_4': 0.3118}",13.4783,2.2959
llmrb_arenahard_test_v1,153,152,0.9935,0.7368,0.6875,0.5822,0.7368,0.1546,0.9013,0.1645,0.1579,0.8421,1.0,continuous,1.0892,"{'qwen3_235b_a22b_2507': 0.378, 'deepseek_v3_1_terminus': 0.3504, 'claude_sonnet_4': 0.2717}",20.1329,2.2537
llmrb_arenahard_coding_test_v1,46,46,1.0,0.6848,0.5543,0.5761,0.6848,0.1304,0.8478,0.163,0.1522,0.8478,0.9891,continuous,1.0619,"{'qwen3_235b_a22b_2507': 0.463, 'deepseek_v3_1_terminus': 0.2546, 'claude_sonnet_4': 0.2824}",27.5895,2.225
llmrb_arenahard_math_test_v1,56,56,1.0,0.5893,0.5268,0.3571,0.5893,0.2321,0.7768,0.1875,0.1429,0.8571,0.9821,continuous,1.0299,"{'qwen3_235b_a22b_2507': 0.482, 'deepseek_v3_1_terminus': 0.3333, 'claude_sonnet_4': 0.1847}",13.0391,2.2174
llmrb_gpqa_test_v1,41,41,1.0,0.6341,0.7317,0.6829,0.7317,0.0976,0.8293,0.0976,0.1463,0.8537,1.0,binary,1.0958,"{'qwen3_235b_a22b_2507': 0.3088, 'deepseek_v3_1_terminus': 0.3676, 'claude_sonnet_4': 0.3235}",29.0518,2.1934
llmrb_livecodebench_test_v1,232,232,1.0,0.6638,0.6767,0.5948,0.6767,0.0819,0.7716,0.0948,0.0302,0.9698,0.9397,binary,1.0914,"{'qwen3_235b_a22b_2507': 0.3428, 'deepseek_v3_1_terminus': 0.3765, 'claude_sonnet_4': 0.2807}",14.1196,2.1862
llmrb_arc_agi_v1_v1,82,82,1.0,0.2927,0.0976,0.1951,0.2927,0.1951,0.4024,0.1098,0.0732,0.9268,0.5976,binary,1.0659,"{'qwen3_235b_a22b_2507': 0.4462, 'deepseek_v3_1_terminus': 0.2385, 'claude_sonnet_4': 0.3154}",12.4256,2.1756
llmrb_mmlupro_test_3000_v1,609,609,1.0,0.821,0.8489,0.8243,0.8489,0.0279,0.9048,0.0558,0.0591,0.9409,0.4187,binary,1.0983,"{'qwen3_235b_a22b_2507': 0.3265, 'deepseek_v3_1_terminus': 0.3445, 'claude_sonnet_4': 0.3291}",13.6385,2.1542
llmrb_hle_test_v1,441,440,0.9977,0.1023,0.0682,0.0409,0.1023,0.0614,0.1568,0.0545,0.0227,0.9773,0.5545,binary,1.0924,"{'qwen3_235b_a22b_2507': 0.3818, 'deepseek_v3_1_terminus': 0.327, 'claude_sonnet_4': 0.2912}",5.1984,2.147
llmrb_swe_bench_verified_v1,106,106,1.0,0.1132,0.2264,0.3491,0.3491,0.2358,0.4245,0.0755,0.2547,0.7453,0.6887,binary,1.0512,"{'qwen3_235b_a22b_2507': 0.2158, 'deepseek_v3_1_terminus': 0.3184, 'claude_sonnet_4': 0.4658}",26.7421,2.1266
llmrb_arenahard_creative_writing_test_v1,54,54,1.0,0.8796,0.9074,0.5741,0.9074,0.3333,0.9722,0.0648,0.0556,0.9444,1.0,continuous,1.0302,"{'qwen3_235b_a22b_2507': 0.3954, 'deepseek_v3_1_terminus': 0.4346, 'claude_sonnet_4': 0.1699}",33.9646,2.095
llmrb_livemathbench_test_v1,23,23,1.0,0.6522,0.5217,0.3913,0.6522,0.2609,0.6522,0.0,0.0,1.0,0.8261,binary,1.065,"{'qwen3_235b_a22b_2507': 0.4474, 'deepseek_v3_1_terminus': 0.3158, 'claude_sonnet_4': 0.2368}",8.0555,2.065
llmrb_aime_hybrid_v1,10,10,1.0,0.9,0.7,0.5,0.9,0.4,0.9,0.0,0.0,1.0,1.0,binary,1.0133,"{'qwen3_235b_a22b_2507': 0.5185, 'deepseek_v3_1_terminus': 0.2963, 'claude_sonnet_4': 0.1852}",4.9007,2.0133
llmrb_simpleqa_test_v1,841,841,1.0,0.5589,0.2449,0.1534,0.5589,0.4055,0.6231,0.0642,0.0297,0.9703,0.8882,binary,0.8974,"{'qwen3_235b_a22b_2507': 0.6381, 'deepseek_v3_1_terminus': 0.2188, 'claude_sonnet_4': 0.1431}",37.1547,1.9616
